restFrequency,stdWidth,v0,rmsLower,freqMin,freqMax,name,unit,rmsUpper,lower,stdPosition,position,width,stdMaxAmplitude,widthMethod,knownRestFrequency,transition,initialFrequencyScale,eup,maxAmplitude,stdV0,fwhm,stdFlux,species,aij,flux,upper,skyFrequency,rms,peakpos,snr,peakposMethod,vlsr
497.8261422770686,0.08642746240778457,4.075322962597052,497.7495,497.814,497.8295,IRAS16293,GHz,497.89300000000003,497.79850000000005,1.4351740824913075E-4,497.82135661699544,2.3987710877847177,0.0017934565031247588,Gaussian,497.828124,A-CH3OH(8 2 - 0 _ 8 1 + 0),sky,121.2682,0.056314902461800674,0.08642746240776185,5.648674240956148,3.945160085708335E-5,A-CH3OH,6.35E-4,5.812234944049763E-4,497.84499999999997,497.8195,0.006680127228614474,0,7.709205674858043,Gaussian,4.0
501.1076860612759,0.15850674536623427,4.197513107797186,501.043,501.096,501.105,IRAS16293,GHz,501.1585,501.087,2.6494215657068925E-4,501.1006657925955,2.0157100149564524,0.002276559756128718,Gaussian,501.10768199999995,"SO2, v=0(28 0 28 _ 27 1 27)",sky,354.2826,0.037251698204677414,0.15850639555730048,4.7466343481890885,3.1252139550342275E-5,"SO2, v=0",0.0017,2.2363114456270094E-4,501.11400000000003,501.101,0.007051370541717022,0,5.125694073330262,Gaussian,4.0
501.58869247913475,0.18413110605145933,4.064342220308045,501.523,501.57550000000003,501.5895,IRAS16293,GHz,501.641,501.5615000000001,3.08069340978103E-4,501.58208986594576,2.3782530844703538,0.0029965519267400494,Gaussian,501.58889000000005,A-CH3OH(9 2 - 0 _ 9 1 + 0),sky,142.1515,0.0475703667252258,0.1841311060188556,5.6003580354674725,6.060378615272831E-5,A-CH3OH,6.53E-4,4.3160532094956445E-4,501.60349999999994,501.582,0.00843120979316675,0,5.642175665440113,Gaussian,4.0
504.7182342352453,0.10830994317399319,4.1732539086171085,504.629,504.7065,504.719,IRAS16293,GHz,504.7955,504.694,1.8234402031693092E-4,504.7123140662175,2.1139496301084573,0.0016655449692935063,Gaussian,504.71934000000005,S-34-O(12 11 _ 11 10),sky,164.4989,0.03883651974358298,0.1083099431674311,4.977970963165156,2.9940112654356978E-5,S-34-O,0.00168,3.1809941989815874E-4,504.7315,504.7115,0.00664091669946494,0,5.411096842630672,Gaussian,4.0
505.7637481850819,0.19224147457567148,2.3796119405534264,505.6465,505.7495,505.7675,IRAS16293,GHz,505.8695,505.73150000000004,3.2431651159352926E-4,505.75789849911735,2.961438649768563,0.0027555053475839895,Gaussian,505.761913,A-CH3OH(10 2 - 0 _ 10 1 + 0),sky,165.3508,0.04955046775014796,0.19224147456548188,6.973655094604402,7.392878006297559E-5,A-CH3OH,6.72E-4,6.133897357298746E-4,505.78549999999996,505.757,0.007678360647815421,0,6.233725060275881,Gaussian,4.0
507.2962686328338,0.2505275042422,4.738315964370215,507.22,507.272,507.2945,IRAS16293,GHz,507.35900000000004,507.24949999999995,4.2392651640093924E-4,507.28950000000003,1.8515126434156597,0.004723610119528224,Gaussian,507.29751799999997,S-34-O(12 13 _ 11 12),sky,162.6535,0.041383921239062725,0.2505275042420844,4.359979086343436,1.6755217693724162E-6,S-34-O,0.00172,6.7168418355752515E-6,507.31700000000006,507.28950000000003,0.007315775389517523,0,5.656805879847003,Gaussian,4.0
510.90881683348863,0.09930683759316858,4.282702872288582,510.84700000000004,510.89750000000004,510.907,IRAS16293,GHz,510.95750000000004,510.8880000000001,1.6923739770385214E-4,510.90233737020736,1.3992850950681768,0.002497525250705776,Gaussian,510.90963600000003,HCO-18+(6 _ 5),sky,85.82479366478483,0.042363024628321776,0.09930683759310592,3.2950645905795803,2.653815556324543E-5,HCO-18+,0.010894836320121767,2.0425748981466548E-4,510.9164999999999,510.902,0.007986653178697166,0,5.274366419519904,Gaussian,4.0
511.5023247524059,0.17299104139477134,3.1099585765252704,511.43600000000004,511.49,511.50600000000003,IRAS16293,GHz,511.5575,511.474,2.9515195543911856E-4,511.4966048299728,2.749817606276173,0.002159904837745815,Gaussian,511.501911,"SO2, v=0(28 1 27 _ 27 2 26)",sky,375.4664,0.044560170058622006,0.17299104113117816,6.475325619438155,4.8744732946457677E-5,"SO2, v=0",0.00134,4.376370048753885E-4,511.52200000000005,511.4955,0.006910293178498397,0,5.674877872554381,Gaussian,4.0
511.7223276878091,0.15367677128638077,3.389273298568178,511.6545,511.70550000000003,511.721,IRAS16293,GHz,511.773,511.69000000000005,2.6230987529175993E-4,511.7137848061812,2.400140936769759,0.0022380477022866945,Gaussian,511.71957000000003,"CH3OCH3, v=0(10 6 4 3 _ 9 5 4 3)",sky,100.6651,0.04225837254930787,0.15367677128568194,5.6518999888047885,4.6970157119729187E-5,"CH3OCH3, v=0",7.4E-4,4.0149113362731697E-4,511.7365,511.7155,0.006891419292471268,0,5.857444135589833,Gaussian,4.0
513.3693496633049,0.15211239882749963,3.6675681561499176,513.2860000000001,513.352,513.371,IRAS16293,GHz,513.438,513.333,2.6047597333615015E-4,513.3620486107321,3.4589557198653607,0.0015695383368649035,Gaussian,513.368329,"CH3OCH3, v=0(7 7 0 0 _ 6 6 1 0)",sky,94.3646,0.04360403563383883,0.15211239807794863,8.145218264013408,4.803348360098699E-5,"CH3OCH3, v=0",0.00115,6.006314105924609E-4,513.39,513.3625,0.008019684202123397,0,5.34412210411455,Gaussian,4.0
515.1693736802403,0.10838917425900137,4.101422487973566,515.1065,515.157,515.17,IRAS16293,GHz,515.2195,515.1440000000001,1.8625589818692604E-4,515.1631970214015,1.6721060012059092,0.00273123774566391,Gaussian,515.170245,A-CH3OH(16 0 + 0 _ 15 1 + 0),sky,315.2122,0.04791883090763644,0.10838917426032009,3.9375087290562196,4.159378695582091E-5,A-CH3OH,4.09E-4,3.4143890101191976E-4,515.1829999999999,515.1625,0.008163485623618561,0,5.863741125935632,Gaussian,4.0
523.27348180982,0.11933056923267879,3.794817462334247,523.194,523.258,523.278,IRAS16293,GHz,523.3415,523.238,2.0828352139742152E-4,523.2676693162759,2.7841018015083825,0.002094499124716388,Gaussian,523.2742930000001,E-CH3OH(14 -1   0 _ 13 0   0),sky,241.0358,0.058116875927851114,0.11933056923279393,6.556058729598717,5.498269210365643E-5,E-CH3OH,6.26E-4,6.968579988260333E-4,523.298,523.2665000000001,0.005624968180424658,0,9.640330496334348,Gaussian,4.0
523.9729911430679,0.12126415689180384,3.602467788890369,523.8870000000001,523.9615,523.971,IRAS16293,GHz,524.045,523.952,2.1194088565629028E-4,523.965866668024,1.0519828946153718,0.004849356221973347,Gaussian,523.972163,"CCH, v=0(6 6.5 6 _ 5 5.5 5)",sky,88.0178,0.04855088302631903,0.12126415689183243,2.4772304072699582,4.1807635238649275E-5,"CCH, v=0",4.53E-4,1.9431500406394354E-4,523.9805,523.966,0.008652274866218487,0,5.611343118083163,Gaussian,4.0
524.0344919636466,0.08947669196834813,3.6574842406264483,523.948,524.0225,524.0325,IRAS16293,GHz,524.107,524.0125,1.5640236193409441E-4,524.0275147579123,1.1705877378259542,0.0033364124015309886,Gaussian,524.033908,"CCH, v=0(6 5.5 6 _ 5 4.5 5)",sky,88.0378,0.051083088737314285,0.08947669196891121,2.7565234694999905,3.281081914295243E-5,"CCH, v=0",4.51E-4,2.3146823481669994E-4,524.0425,524.0275,0.008266054587015194,0,6.179863464434244,Gaussian,4.0
524.2764951925901,0.19763159413610784,5.348228339087057,524.196,524.2625,524.2795,IRAS16293,GHz,524.3455,524.2455000000001,3.456138927361264E-4,524.2706249660556,3.026815745040522,0.0022837760297754472,Gaussian,524.279978,HDCO(8 2 6 _ 7 2 5),sky,144.2876,0.04386860627101812,0.19763159232699745,7.127606389036709,6.0182121339451366E-5,HDCO,0.00402,5.128297276219699E-4,524.2964999999999,524.2695,0.007065981247403063,0,5.983431607427453,Gaussian,4.0
524.7420014036364,0.154361216117246,3.0958480523652887,524.549,524.726,524.743,IRAS16293,GHz,524.9205000000001,524.709,2.70182582472362E-4,524.7347911980462,2.628365948716605,0.001911856584786215,Gaussian,524.7402099999999,E-CH3OH(8 -4   0 _ 8 -3   0),sky,163.561,0.041523307300277895,0.15436121611689832,6.18932882171465,4.6440704011812195E-5,E-CH3OH,6.38E-4,4.432551639983642E-4,524.7600000000001,524.735,0.00720075045496278,0,5.766524969860593,Gaussian,4.0
524.8055022509005,0.11858429108742577,3.738634731271644,524.5915,524.792,524.804,IRAS16293,GHz,525.0055,524.7800000000001,2.0758644321035655E-4,524.7984322919468,1.7514149135663815,0.002914182753956121,Gaussian,524.804977,E-CH3OH(7 -4   0 _ 7 -3   0),sky,144.9965,0.0536688424946764,0.11858429108814467,4.124266945632263,4.012648272133812E-5,E-CH3OH,6.02E-4,3.2888659237402285E-4,524.8159999999999,524.7985,0.008414357459637995,0,6.378246081428701,Gaussian,4.0
524.8620030047655,0.16632496997946747,2.9141656156788858,524.643,524.8455,524.8665,IRAS16293,GHz,525.0685,524.8245000000001,2.911901829534613E-4,524.8557730320414,3.1286642892990915,0.002059900609007719,Gaussian,524.860875,E-CH3OH(6 -4   0 _ 6 -3   0),sky,128.7495,0.05066786800612662,0.1663249699794358,7.367441382614009,5.8859265711043446E-5,E-CH3OH,5.48E-4,6.273863143312127E-4,524.8874999999999,524.855,0.009262248019404125,0,5.213208353371383,Gaussian,4.0
528.1765472292832,0.1174269144779628,3.062373798205776,528.1,528.1645,528.179,IRAS16293,GHz,528.2435,528.15,2.0688175758236046E-4,528.1718496802955,2.3123523632349903,0.0015828727713125081,Gaussian,528.177245,E-CH3OH(13 3   0 _ 13 2   0),sky,251.0606,0.03547556257052272,0.11742691447588108,5.445173696120442,3.4904890102724616E-5,E-CH3OH,8.8E-4,3.6587502403559143E-4,528.1935,528.1695,0.005951950178165733,0,5.272900792864591,Gaussian,4.0
529.5420654487972,0.1715119934734169,3.5522194634463817,529.473,529.5265,529.54,IRAS16293,GHz,529.595,529.5130000000001,3.0294739049316956E-4,529.533993515114,2.656443246078245,0.00190921558586563,Gaussian,529.5402680000001,E-CH3OH(10 3   0 _ 10 2   0),sky,167.4891,0.03545016078326952,0.17151182729129344,6.255445804352133,4.4519076314124337E-5,E-CH3OH,8.5E-4,3.7593949499587295E-4,529.5534999999999,529.535,0.0060315169910036305,0,5.469074045252585,Gaussian,4.0
530.5495788916096,0.10201749599523834,3.1976044202866083,530.332,530.5345,530.553,IRAS16293,GHz,530.7555,530.516,1.8054065402323602E-4,530.5435691299672,2.8881507472366486,0.001843431256092251,Gaussian,530.549228,E-CH3OH(5 3   0 _ 5 2   0),sky,74.6333,0.05933626072903929,0.10201749599436682,6.801075272663975,5.019296545571827E-5,E-CH3OH,7.03E-4,7.560285157636174E-4,530.5715,530.5425,0.008940741436627703,0,6.349556966342854,Gaussian,4.0
531.6340933618133,0.18776824764488984,4.335345237022466,531.4785,531.619,531.6395,IRAS16293,GHz,531.779,531.5985000000001,3.329736369264527E-4,531.6286769240617,3.132463983169062,0.0025396191106820667,Gaussian,531.636365,A-CH3OH(11 2 - 0 _ 10 2 - 0),sky,190.865,0.05139041068465693,0.18776824764409694,7.376388977903998,7.4094880400391E-5,A-CH3OH,6.57E-4,6.775267486903233E-4,531.66,531.6270000000001,0.008799916506609669,0,5.043926874859225,Gaussian,4.0
532.0715991992628,0.11508102276341646,3.0261259755144776,531.9425,532.057,532.0705,IRAS16293,GHz,532.1850000000001,532.0435,2.0424278382351514E-4,532.063799256697,2.1721854215565597,0.0021052742610666547,Gaussian,532.0691700000001,E-CH3OH(11 3   0 _ 10 3   0),sky,193.0238,0.04713343283741382,0.11508102275846299,5.115105772205389,4.1424426968719686E-5,E-CH3OH,6.27E-4,4.242322429158681E-4,532.0840000000001,532.0645000000001,0.006931921551336535,0,6.718535226925973,Gaussian,4.0
532.1300999798132,0.15562406214161353,3.99967884104166,531.9855,532.117,532.1355,IRAS16293,GHz,532.2655,532.0985,2.7622945215861634E-4,532.1254885570486,3.592081673742221,0.0015571410629504892,Gaussian,532.132588,A-CH3OH(11 2 + 0 _ 10 2 + 0),sky,190.9421,0.045539345950681265,0.15562401767143852,8.458705928716505,4.624988746970016E-5,A-CH3OH,6.59E-4,5.966379305110852E-4,532.154,532.123,0.006676729603187745,0,5.537382906164654,Gaussian,4.0
532.5686058306054,0.09726263273581007,4.1564363061846965,532.4615,532.55,532.5685,IRAS16293,GHz,532.657,532.5314999999999,1.7277995990913397E-4,532.5593952922494,2.5262764476460604,0.002357037951908894,Gaussian,532.566779,E-CH3OH(11 -2   0 _ 10 -2   0),sky,171.2932,0.06822841914507413,0.09726263273578299,5.948926418206523,5.7595560187286864E-5,E-CH3OH,6.57E-4,7.884761926114216E-4,532.587,532.5615,0.008804886761090699,0,7.105021359355686,Gaussian,4.0
536.3631564596393,0.15622858824720978,3.029780081171625,536.2975,536.3495,536.365,IRAS16293,GHz,536.416,536.3340000000001,2.795075910537822E-4,536.356813384606,2.2691658099225243,0.002766959929155881,Gaussian,536.3622340000001,"SO2, v=0(30 0 30 _ 29 1 29)",sky,404.9416,0.0462790170166834,0.15622858824687985,5.343477134704449,6.0690073589228905E-5,"SO2, v=0",0.00211,4.71792862316114E-4,536.3805,536.356,0.007817278870087107,0,5.617264515792466,Gaussian,4.0
539.285195447131,0.10668871735108816,2.0882558254795804,539.223,539.273,539.2825,IRAS16293,GHz,539.3335,539.2635,1.9191577765524613E-4,539.2782305387519,1.2804831024520276,0.002288418702870276,Gaussian,539.281987,A-CH3OH(16 2 - 0 _ 16 1 + 0),sky,353.1248,0.03115327883226479,0.10668871735239331,3.0153072769774534,2.6331135370277033E-5,A-CH3OH,8.23E-4,1.6795400934238036E-4,539.292,539.278,0.006046046060107157,0,5.152669781631245,Gaussian,4.0
547.1197999808419,0.20142344820618038,4.161113834795217,547.0545,547.1065,547.1185,IRAS16293,GHz,547.1695,547.0944999999999,3.675916124749831E-4,547.1120369895268,1.7946606219900094,0.004105276409409468,Gaussian,547.119631,S-34-O(13 12 _ 12 11),sky,190.7568,0.04152064313871855,0.2014234482034768,4.226102806689785,6.771398208713797E-5,S-34-O,0.00215,3.207551966596243E-4,547.1305000000001,547.1125000000001,0.008185229593314074,0,5.054957183625646,Gaussian,4.0
548.4778181002853,0.28094597267889215,9.854138399229376,548.4265,548.4665,548.474,IRAS16293,GHz,548.5125,548.459,5.139899954135192E-4,548.469612283865,1.3128648760364865,0.004350866111498647,Gaussian,548.4876409999999,"SiC2, v=0(23 6 18 _ 22 6 17)",sky,384.0734,0.027868270644420476,0.28094596430016416,3.091560526507791,3.731578185345981E-5,"SiC2, v=0",0.00502,1.008215404117254E-4,548.4815000000001,548.4705,0.004741446485088016,0,5.022409004831665,Gaussian,4.0
549.27832878115,0.35689493428627533,3.6180040018517707,549.163,549.266,549.279,IRAS16293,GHz,549.3815,549.2529999999999,6.538937705167695E-4,549.2720761055772,2.206919839058898,0.006136360965456522,Gaussian,549.278705,S-34-O(13 14 _ 12 13),sky,189.015,0.04611868736247468,0.35689493287918445,5.19689907479237,1.2197262063545516E-4,S-34-O,0.00219,4.1378609839168724E-4,549.292,549.271,0.006967627739309314,0,6.3473757814648835,Gaussian,4.0
556.930930886482,0.12344227927147564,5.600283096909945,556.837,556.864,556.97,IRAS16293,GHz,557.014,556.758,2.2931919527751333E-4,556.9255981382789,6.002563409649759,0.031028158983110902,Gaussian,556.936002,o-H2O(1 1 0 _ 1 0 1),sky,26.729,2.657340331140707,0.1234422792714912,14.134956638612573,0.0017123708643550697,o-H2O,0.00345,0.05311105988608399,557.076,556.9235,0.05316525144472157,0,36.15229671680893,Gaussian,4.0
557.1214334282743,0.09581837381836025,5.0639134260967555,556.8065,557.1080000000001,557.1185,IRAS16293,GHz,557.421,557.0975000000001,1.78062257339903E-4,557.1136284135696,1.7210826058511477,0.002150043974431413,Gaussian,557.123039,H2CS(16 1 15 _ 15 1 14),sky,240.6093,0.050385408712872504,0.09581837363585458,4.052839819412383,2.8836958142932768E-5,H2CS,0.00264,2.932216029412412E-4,557.129,557.114,0.007468911764963179,0,6.587860525251739,Gaussian,4.0
557.282935583127,0.11152090353006484,3.994182018264555,557.2165,557.27,557.2810000000001,IRAS16293,GHz,557.3355,557.2589999999999,2.0730248192799762E-4,557.2758132278655,2.221573280730589,0.001668065127878096,Gaussian,557.283238,"SO2, v=0(22 6 16 _ 22 5 17)",sky,321.0408,0.043347240449775046,0.11152057765924123,5.231405292969559,2.8319946936930105E-5,"SO2, v=0",0.00136,3.1934797904047303E-4,557.2920000000001,557.2755,0.007097240601997064,0,6.017640860451161,Gaussian,4.0
558.389450346871,0.15683720516991062,4.254372073806128,558.298,558.3770000000001,558.3875,IRAS16293,GHz,558.468,558.3665000000001,2.921003711789376E-4,558.3830188419007,2.3353244505895456,0.002013840052116943,Gaussian,558.390943,"SO2, v=0(21 6 16 _ 21 5 17)",sky,300.7715,0.04008127180351817,0.15682691862669318,5.499268827899151,3.338144853975736E-5,"SO2, v=0",0.00135,2.843332442711632E-4,558.398,558.3820000000001,0.007071438467900763,0,5.031598388623708,Gaussian,4.0
484.00295784034824,0.11626550884233162,5.0778438699460695,483.889,483.99150000000003,484.00100000000003,IRAS16293,GHz,484.1035,483.982,1.8770349586192569E-4,483.99646799481116,1.9737743844001236,0.0026282039657844346,Gaussian,484.00466600000004,A-CH3OH(2 2 - 0 _ 2 1 + 0),sky,44.6725,0.05727926219160209,0.1162655021694142,4.647883484754034,3.5652016644374264E-5,A-CH3OH,4.0E-4,3.4022603825201663E-4,484.01050000000004,483.9965,0.009440037113294737,0,6.067694597400861,Gaussian,4.0
492.7840750029643,0.1484631485687385,1.5149471502492917,492.7195,492.77250000000004,492.7835,IRAS16293,GHz,492.8355,492.76150000000007,2.44033232399297E-4,492.77767082427783,2.1234136326935293,0.0029963230528765126,Gaussian,492.780161,"CH3OCH3, v=0(9 6 3 5 _ 8 5 4 5)",sky,91.5632,0.05717245499683998,0.14846314455014897,5.000256986158709,4.3386065957746305E-5,"CH3OCH3, v=0",7.14E-4,3.546765809351975E-4,492.79449999999997,492.77750000000003,0.008166513511696661,0,7.0008400665661705,Gaussian,4.0
503.01671153257007,0.1206103747167837,3.932064884646692,502.952,503.00100000000003,503.016,IRAS16293,GHz,503.0665,502.98600000000005,2.02367122924679E-4,503.009275465613,1.949530074231359,0.0029243116286086428,Gaussian,503.01587300000006,"CH3OCH3, v=0(28 0 28 5 _ 27 1 27 5)",sky,353.8233,0.05774385555021201,0.12061037471688749,4.590792497190679,5.223409951640683E-5,"CH3OCH3, v=0",0.00112,4.642651307255561E-4,503.031,503.01,0.007704046932509931,0,7.447735805980513,Gaussian,4.0
506.82526234840236,0.12121085220086016,4.09345760184319,506.7475,506.81,506.827,IRAS16293,GHz,506.889,506.793,2.0491470220491522E-4,506.8183346534819,2.1576377710345915,0.0027854606207430477,Gaussian,506.825255,"DCN, v=0(7 0 0 _ 6 0 0)",sky,97.3026,0.056340244460392125,0.12121085220082124,5.080848673148154,5.66054560521415E-5,"DCN, v=0",0.00633,5.359474268747152E-4,506.844,506.81850000000003,0.009514022886747622,0,5.921810902816957,Gaussian,4.0
508.53478515781956,0.13440682487780606,3.63033474307676,508.457,508.521,508.538,IRAS16293,GHz,508.6,508.504,2.2799009813204447E-4,508.5285809020166,2.297520142630775,0.002494790983101157,Gaussian,508.534739,"C-13-S, v=0,1(11 0 _ 10 0)",sky,146.4613,0.051072087156228206,0.13440682487782618,5.410246485729315,5.518735351197112E-5,"C-13-S, v=0,1",0.00281,5.14091655341457E-4,508.555,508.528,0.007038915166589455,0,7.22215028194701,Gaussian,4.0
512.0758324044683,0.11367883057632018,3.7879203076381907,511.9975,512.0615,512.0795,IRAS16293,GHz,512.1415000000001,512.0435,1.941725445848362E-4,512.0695218470746,2.446590538903171,0.0018708546471324866,Gaussian,512.075992,"SO2, v=0(27 2 26 _ 26 1 25)",sky,350.918,0.05274024317391434,0.11367883057603068,5.76128044299226,4.169953864565468E-5,"SO2, v=0",0.00131,5.089208232266733E-4,512.0975000000001,512.069,0.00725899500674878,0,7.052999898684531,Gaussian,4.0
514.039358602942,0.09327290042567515,3.2039040125138327,513.9735000000001,514.0235,514.039,IRAS16293,GHz,514.09,514.008,1.5992807991724618E-4,514.0317494462381,2.0473988910079415,0.0019945370246094185,Gaussian,514.037243,HDCO(8 2 7 _ 7 2 6),sky,143.0326,0.051926026547758214,0.09327290042543607,4.821255948719636,3.844573887943419E-5,HDCO,0.00379,4.578623178465766E-4,514.0545,514.0325,0.006121333028250803,0,7.909153769872575,Gaussian,4.0
530.1230732009302,0.17593435278626957,3.789244329614872,529.908,530.1095,530.1255,IRAS16293,GHz,530.3255,530.0935000000001,3.111009554685856E-4,530.1165954755546,2.1437431874202417,0.0036095319543297285,Gaussian,530.123296,E-CH3OH(8 3   0 _ 8 2   0),sky,123.3821,0.05078957927349985,0.1759343527859365,5.048129429135725,7.729337906360365E-5,E-CH3OH,8.16E-4,5.047331355953777E-4,530.1415,530.116,0.009850839737530027,0,5.034173168605625,Gaussian,4.0
532.0310986588817,0.0915688880882727,3.9891278073043575,531.862,532.0155,532.0345,IRAS16293,GHz,532.1865,531.9965,1.6250200336025475E-4,532.0243156316719,2.9682090581046463,0.0016177467909119772,Gaussian,532.031395,E-CH3OH(11 1   0 _ 10 1   0),sky,166.367,0.062618165569591,0.09156888808635284,6.989598187867255,4.382712804635933E-5,E-CH3OH,6.85E-4,7.731700118197583E-4,532.0535,532.024,0.0073814325719291,0,8.359949647104829,Gaussian,4.0
540.6042130462074,0.1910287651960064,3.3604566434425376,540.5275,540.592,540.606,IRAS16293,GHz,540.6695,540.578,3.444712013552822E-4,540.5985222136026,2.1068773566872934,0.0042056930262982075,Gaussian,540.604582,"SO2, v=0(14 2 12 _ 13 1 13)",sky,108.1246,0.05988848796233841,0.19102876519464246,4.96131703194906,7.926734415752434E-5,"SO2, v=0",1.84E-4,4.926664537392804E-4,540.62,540.597,0.006738198594903384,0,7.8278570843151725,Gaussian,4.0
559.4989651506429,0.13674300497293962,4.342452518407782,559.4215,559.486,559.497,IRAS16293,GHz,559.5635,559.475,2.551985925967379E-4,559.4923157133743,1.9916120940772402,0.0030480708336810642,Gaussian,559.5004200000001,"SO2, v=0(19 6 14 _ 19 5 15)",sky,263.0149,0.05747537323341328,0.13674292068724442,4.68988808105915,4.713834338976216E-5,"SO2, v=0",0.00132,3.8735747156948416E-4,559.5079999999999,559.4915,0.008596810241489847,0,6.232156155528577,Gaussian,4.0
556.9394309998953,0.3027637012265691,2.154232106762263,556.8445,556.923,556.941,IRAS16293,GHz,557.0195,556.905,5.376689260286806E-4,556.932,5.81421702171117,0.07576019319408477,Gaussian,556.936002,o-H2O(1 1 0 _ 1 0 1),sky,26.729,1.670927652717466,0.28942328493309477,13.691434788885608,0.00241597904204917,o-H2O,0.00345,0.024801352857415696,556.9590000000001,556.932,0.07495457451559287,0,25.647383284449948,Gaussian,4.0
481.91542998737464,0.132101193042634,3.9594528627409105,481.8405,481.903,481.9165,IRAS16293,GHz,481.9785,481.88950000000006,2.1234961370419366E-4,481.9094451870016,1.7787935651454112,0.006034565951129259,Gaussian,481.91581,"CS-34, v=0,1(10 0 _ 9 0)",sky,127.2254,0.09169839302182067,0.13210119304266296,4.18873874317648,9.120627240445278E-5,"CS-34, v=0,1",0.00238,6.511322760993814E-4,481.92999999999995,481.909,0.013095660670710163,0,6.988495389100046,Gaussian,4.0
482.28243488416086,0.16838784161669867,3.9180203321561815,482.20550000000003,482.2695,482.282,IRAS16293,GHz,482.3465,482.257,2.7088535050837217E-4,482.2758240022794,2.166358767506457,0.00459896645835376,Gaussian,482.282127,E-CH3OH(10 0   0 _ 9 0   0),sky,132.7058,0.07351511601321405,0.1683878416113859,5.1013850504527465,8.065155369151524E-5,E-CH3OH,5.01E-4,5.749055400354218E-4,482.29449999999997,482.276,0.012684792079716232,0,5.795531810944641,Gaussian,4.0
482.957943897183,0.08711607429845387,4.12026883389247,482.8945,482.9445,482.961,IRAS16293,GHz,483.0095,482.928,1.403400638956193E-4,482.95211934164195,2.028137657620104,0.005529257891185749,Gaussian,482.958757,E-CH3OH(10 -1   0 _ 9 -1   0),sky,125.2508,0.14934978339589144,0.08711607429841768,4.775899210245937,9.986932642802162E-5,E-CH3OH,4.99E-4,0.0012487422835858772,482.9775,482.9515,0.010256324471013066,0,14.455362544164528,Gaussian,4.0
483.1404463322334,0.10234016085305905,4.293937977643094,483.05150000000003,483.12600000000003,483.1425,IRAS16293,GHz,483.2165,483.1095000000001,1.6492741078725446E-4,483.13382995795223,2.0519808590073545,0.00660313789665645,Gaussian,483.14075,A-CH3OH(10 0 + 0 _ 9 0 + 0),sky,127.6004,0.15696093106297118,0.10234016085313236,4.832045658810345,1.1892119263751122E-4,A-CH3OH,5.05E-4,0.0012934299154161147,483.15899999999993,483.134,0.010225752114866737,0,15.349573244081784,Gaussian,4.0
484.02145808718893,0.19899651039005462,4.439923807207615,483.908,484.0095,484.023,IRAS16293,GHz,484.124,483.996,3.2128057506213654E-4,484.01599162102985,2.122696640784793,0.006133187370731925,Gaussian,484.02315999999996,E-CH3OH(10 2   0 _ 9 2   0),sky,142.0753,0.08291787729975728,0.1989965103899814,4.998568599239891,1.0527719151924198E-4,E-CH3OH,4.82E-4,6.277184116079536E-4,484.03650000000005,484.015,0.008423912430232602,0,9.340307671716756,Gaussian,4.0
484.26946139618894,0.09288908444683959,4.549584946976017,484.1805,484.257,484.271,IRAS16293,GHz,484.3465,484.243,1.500464561890083E-4,484.2635298107774,2.184584901707114,0.0030257749450459896,Gaussian,484.27087900000004,"SO2, v=0(13 3 11 _ 12 2 10)",sky,105.825,0.0871198157524258,0.09288908444678627,5.144304316611878,5.5572706966261624E-5,"SO2, v=0",5.42E-4,7.19374425074319E-4,484.285,484.26300000000003,0.009678726268942485,0,8.958699430815274,Gaussian,4.0
485.26297465220296,0.12184138306972901,3.938559571061019,485.185,485.2495,485.2665,IRAS16293,GHz,485.3285,485.2325,1.9721764662498348E-4,485.25682779614925,2.464638503331105,0.00324629445413011,Gaussian,485.263203,A-CH3OH(3 2 - 0 _ 3 1 + 0),sky,51.6377,0.08449689321292936,0.12184138306966112,5.803780151399165,6.93088051407145E-5,A-CH3OH,5.04E-4,7.889008374721211E-4,485.2835,485.2565,0.009800779238128698,0,8.304588699074909,Gaussian,4.0
486.939997027981,0.14208931796252197,3.7118323527383614,486.862,486.92650000000003,486.9465,IRAS16293,GHz,487.0075,486.90650000000005,2.307870670915418E-4,486.9347190210379,2.7116203755400683,0.003377629686818171,Gaussian,486.94074800000004,A-CH3OH(4 2 - 0 _ 4 1 + 0),sky,60.9236,0.08702123488682283,0.142089317962548,6.385378014836103,8.057737609638987E-5,A-CH3OH,5.5E-4,8.833881813271986E-4,486.9665,486.93350000000004,0.01122839638997814,0,7.258659395181431,Gaussian,4.0
487.53050490687,0.10101304392605862,4.483979469806891,487.4525,487.51550000000003,487.5355,IRAS16293,GHz,487.59700000000004,487.49550000000005,1.642681141592504E-4,487.52457901235283,2.59549480002552,0.0023823775608022217,Gaussian,487.53187099999997,A-CH3OH(10 1 - 0 _ 9 1 - 0),sky,143.2767,0.0787365812506289,0.10101304392609604,6.111923181873689,5.500863083538448E-5,A-CH3OH,5.14E-4,7.951961678795324E-4,487.5555,487.524,0.009226520304153807,0,8.501959158754236,Gaussian,4.0
489.03652500103925,0.09384306233114381,3.8679535843538777,488.959,489.02250000000004,489.04,IRAS16293,GHz,489.10200000000003,489.00500000000005,1.530796348854207E-4,489.03050339599486,2.429941394569546,0.003026092924024567,Gaussian,489.03681300000005,A-CH3OH(5 2 - 0 _ 5 1 + 0),sky,72.5302,0.09617694631935944,0.09384306233118846,5.722074704182826,6.405088126543107E-5,A-CH3OH,5.78E-4,9.139252395955305E-4,489.0575,489.03000000000003,0.011511057921887027,0,8.240038096628433,Gaussian,4.0
489.7510345344283,0.016098948314752413,3.93039557646965,489.71250000000003,489.73400000000004,489.7575,IRAS16293,GHz,489.7765,489.7105000000001,2.629943210828765E-5,489.7445001751857,1.8665151997565754,0.005522154831768159,Gaussian,489.750921,"CS, v=0-4(10 0 _ 9 0)",sky,129.2942,0.762621336479598,0.01609894831473834,4.39530740674173,9.12113748858556E-5,"CS, v=0-4",0.0025,0.0057488016409068775,489.78099999999995,489.7445,0.017045174170289588,0,44.741187673451705,Gaussian,4.0
490.5970458223879,0.08431096353014735,3.7920953803246715,490.495,490.582,490.6,IRAS16293,GHz,490.68600000000004,490.56399999999996,1.379692888194938E-4,490.59043440942395,2.154058491611642,0.003927673018855732,Gaussian,490.59664000000004,HDO(2 0 2 _ 1 1 1),sky,66.4335,0.12041688748007903,0.08431096353009818,5.072420114216226,7.553591115374387E-5,HDO,5.25E-4,0.0010526507131419667,490.61800000000005,490.5905,0.011326301834932766,0,10.63161561779038,Gaussian,4.0
491.5505585446922,0.07758030185505077,4.135042467765758,491.473,491.535,491.5535,IRAS16293,GHz,491.615,491.51650000000006,1.2720175624020055E-4,491.5439390325796,2.220874206662122,0.0029445407816234424,Gaussian,491.550719,A-CH3OH(6 2 - 0 _ 6 1 + 0),sky,86.4575,0.09848700685161016,0.07758030185504744,5.229759099340172,6.0334335815055724E-5,A-CH3OH,5.99E-4,9.306533520606468E-4,491.57199999999995,491.544,0.010565630004243973,0,9.321451424292746,Gaussian,4.0
491.9680641152869,0.05381703306927129,4.219808973578878,491.8915,491.95,491.97450000000003,IRAS16293,GHz,492.0315,491.92549999999994,8.831411399136262E-5,491.96144416756067,2.027119634071158,0.017113696845919485,Gaussian,491.968369,o-H2CO(7 1 7 _ 6 1 6),sky,91.1499,0.743733570325261,0.05381703306925242,4.773501947986566,3.14832007815844E-4,o-H2CO,0.00344,0.006352665034699535,491.9990000000001,491.9615,0.01757577301092073,0,42.315838390899856,Gaussian,4.0
492.159566670422,0.026587445828688553,4.706510936679545,492.074,492.1345,492.16200000000003,IRAS16293,GHz,492.232,492.10699999999997,4.3647159457310126E-5,492.15292445643723,1.1171828580188348,0.01616718269157596,Gaussian,492.16065100000003,C-atom(1 _ 0),sky,23.6202,0.8037260117666409,0.02658744582870638,2.6307645880277173,1.7470778560498338E-4,C-atom,7.99E-8,0.003978412642740483,492.18950000000007,492.153,0.005984191202763676,0,134.30821050561627,Gaussian,4.0
492.2785682582082,0.037476980322318006,4.114168667324658,492.2025,492.262,492.283,IRAS16293,GHz,492.3415,492.241,6.153879184228535E-5,492.271936267772,1.9043314979957735,0.004099465068968728,Gaussian,492.278692,A-CH3OH(4 1 + 0 _ 3 0 + 0),sky,37.5548,0.25174154691687733,0.03747698032234319,4.484357983864262,7.062799216498294E-5,A-CH3OH,3.82E-4,0.0019638371494962487,492.30400000000003,492.272,0.006540727646600438,0,38.48830902594159,Gaussian,4.0
493.6985872049017,0.062042738768794965,4.162022680997496,493.58500000000004,493.684,493.7015,IRAS16293,GHz,493.7995,493.66650000000004,1.0217074838269419E-4,493.692257968663,1.9835068431688472,0.0033417092425345038,Gaussian,493.699112,A-CH3OH(5 3 + 0 _ 4 2 + 0),sky,84.6197,0.12409474875149783,0.062042738768837744,4.670801673750061,5.994298202953606E-5,A-CH3OH,6.62E-4,0.0010298064399720875,493.719,493.692,0.009213377603357498,0,13.38587678671773,Gaussian,4.0
493.73308766522626,0.05210615285187498,4.232411007389039,493.6195,493.7185,493.737,IRAS16293,GHz,493.834,493.7,8.581336545951977E-5,493.72671656483453,1.9890325302605354,0.003006039094001081,Gaussian,493.733687,A-CH3OH(5 3 - 0 _ 4 2 - 0),sky,84.6199,0.13749957747062297,0.05210615285183469,4.683813672476137,5.3911188013180375E-5,A-CH3OH,6.62E-4,0.0011217731933248858,493.75550000000004,493.7265,0.00975654306912642,0,14.093063136852876,Gaussian,4.0
494.4820976589399,0.13523260711880555,3.436407489262511,494.391,494.46750000000003,494.48650000000004,IRAS16293,GHz,494.5605,494.4485,2.230518532556335E-4,494.47588694507215,2.5756573707598296,0.0029498733932706504,Gaussian,494.481555,A-CH3OH(7 2 - 0 _ 7 1 + 0),sky,102.704,0.0696935923608623,0.1352326071187971,6.065209605796959,6.817320853160762E-5,A-CH3OH,6.17E-4,7.188958746764593E-4,494.50550000000004,494.4755,0.008083744683147414,0,8.441636295855767,Gaussian,4.0
494.7796016284056,0.059778057395574784,4.079477684925151,494.7025,494.764,494.783,IRAS16293,GHz,494.8435,494.745,9.865681312374077E-5,494.7729951993392,2.1397433730364677,0.0028828365312379292,Gaussian,494.77972800000003,"SO2, v=0(12 3 9 _ 11 2 10)",sky,93.9611,0.12561956232000743,0.05977805739558763,5.03871058604841,5.655867723009646E-5,"SO2, v=0",5.53E-4,0.001111478857336619,494.802,494.773,0.009693042872436214,0,12.959765470266063,Gaussian,4.0
495.17260687210313,0.0628458615980695,4.3025338411009555,495.1085,495.1585,495.1735,IRAS16293,GHz,495.2235,495.1435,1.0380225710941611E-4,495.1659984201491,1.9870884972896634,0.0026001013795529976,Gaussian,495.17310499999996,E-CH3OH(7 0   0 _ 6 -1   0),sky,70.1788,0.09710878061075265,0.06284586159806392,4.679235824668127,4.490243866578065E-5,E-CH3OH,3.21E-4,7.688477602054098E-4,495.1885,495.166,0.009093908860537618,0,10.678442251840616,Gaussian,4.0
504.20022732370506,0.070809692465833,3.998639519978819,504.1375,504.187,504.1995,IRAS16293,GHz,504.2495,504.1745,1.1908832445245101E-4,504.193426965397,1.5909546418570166,0.002695562719438621,Gaussian,504.200152,DCO+(7 0 0 6 _ 6 0 0 6),sky,96.7985,0.07095627946927585,0.0708096924658084,3.7464118813799376,3.594192254441521E-5,DCO+,2.48E-4,4.3567688147443703E-4,504.212,504.19350000000003,0.009206211918741587,0,7.707434946704441,Gaussian,4.0
504.29372857125145,0.066194893843328,3.9581791921120857,504.229,504.279,504.295,IRAS16293,GHz,504.345,504.263,1.1134776307395173E-4,504.2869267792156,2.0598430305293975,0.002357563064663952,Gaussian,504.293585,E-CH3OH(7 1   0 _ 6 0   0),sky,78.1543,0.08675820677327235,0.06619489384335442,4.850559657907923,4.432068148465939E-5,E-CH3OH,3.52E-4,7.472736510008436E-4,504.31100000000004,504.28700000000003,0.008367836943253465,0,10.368056567261485,Gaussian,4.0
504.6767336815215,0.05788301965718164,3.9558174977868577,504.5895,504.663,504.676,IRAS16293,GHz,504.75,504.65000000000003,9.744008277471487E-5,504.6696267021104,1.374367071411477,0.003351509422448708,Gaussian,504.676286,"SO, v=0(4 3 _ 1 2)",sky,28.681,0.08947545190591405,0.057883019657131024,3.2363871289902284,3.9792948152551204E-5,"SO, v=0",1.59E-5,5.000783033458937E-4,504.68899999999996,504.67,0.006554700982840328,0,13.360682831079282,Gaussian,4.0
505.3957432749529,0.05777006507380722,3.2605676943712765,505.33250000000004,505.3825,505.39500000000004,IRAS16293,GHz,505.44550000000004,505.36999999999995,9.738853262790177E-5,505.3888642889173,1.6918402606814151,0.0019156839489911594,Gaussian,505.394361,HDCO(8 0 8 _ 7 0 7),sky,110.1197,0.06548142871832617,0.05777006507377475,3.983979358842983,2.7845563998494075E-5,HDCO,0.00383,4.3919293739220133E-4,505.4075000000001,505.389,0.009194899189517752,0,7.121495012471202,Gaussian,4.0
505.565745543219,0.01733498313697647,3.710719965124244,505.4895,505.54900000000004,505.57050000000004,IRAS16293,GHz,505.62850000000003,505.52750000000003,2.9233077836764567E-5,505.5589723009066,1.8374476609784838,0.0037231584244056598,Gaussian,505.56523,o-H2S(2 2 1 _ 2 1 2),sky,59.588,0.46361096108724414,0.017334983136987548,4.326858583767366,6.263794108080203E-5,o-H2S,2.38E-4,0.0035864726216503534,505.59200000000004,505.559,0.007278384356845029,0,63.69696052822995,Gaussian,4.0
505.83374911907384,0.018621615189774707,4.0205139367060525,505.7945,505.81600000000003,505.839,IRAS16293,GHz,505.8595,505.79300000000006,3.14194511368565E-5,505.82693226862,1.9357654872111156,0.004108134234429447,Gaussian,505.83371600000004,p-H2CO(7 0 7 _ 6 0 6),sky,97.4424,0.49988904910243814,0.018621615189771998,4.558379371763837,7.334084220763427E-5,p-H2CO,0.00381,0.00411152690109111,505.86199999999997,505.827,0.01310281204754831,0,38.15127983889331,Gaussian,4.0
508.70928748612795,0.07814878753608068,4.2045285884014625,508.6315,508.6945,508.71250000000003,IRAS16293,GHz,508.774,508.6765,1.326067326168159E-4,508.7026884476224,2.2402289215789772,0.002545958467076153,Gaussian,508.709823,"SO2, v=0(15 3 13 _ 14 2 12)",sky,132.5391,0.08798025350150171,0.07814878753611552,5.275335969992242,5.323266024571227E-5,"SO2, v=0",6.01E-4,8.340784530965605E-4,508.73050000000006,508.7025,0.007669913443779783,0,11.470827428026942,Gaussian,4.0
509.1457933102348,0.021586257572901016,4.128394013743846,509.069,509.129,509.15000000000003,IRAS16293,GHz,509.2095,509.108,3.6660063657770256E-5,509.13923162848073,2.0560432752922786,0.0023743872107811377,Gaussian,509.146243,p-H2CO(7 2 6 _ 6 2 5),sky,144.9274,0.2574520275305245,0.02158625757289732,4.841611918109344,4.572405896231868E-5,p-H2CO,0.00357,0.0023184795541262566,509.17100000000005,509.139,0.007560583572088339,0,34.05187246140216,Gaussian,4.0
509.2927952716178,0.028481813782164304,4.084309945581054,509.18850000000003,509.27500000000003,509.296,IRAS16293,GHz,509.3825,509.2540000000001,4.838472035952335E-5,509.2854815062497,2.4568812318409954,0.001612578391838147,Gaussian,509.29242,HDO(1 1 0 _ 1 0 1),sky,46.7555,0.16501174149982276,0.02848181378217071,5.785513172999507,3.633233030901197E-5,HDO,0.00232,0.0017005396249467949,509.31699999999995,509.286,0.009265376767803025,0,17.721433325489468,Gaussian,4.0
509.5632988808295,0.045281762428236894,2.9729374218061047,509.4845,509.547,509.568,IRAS16293,GHz,509.6295,509.52600000000007,7.696538561779274E-5,509.5570688498596,2.5182288309818635,0.0021793835614501117,Gaussian,509.562122,o-H2CO(7 5 2 _ 6 5 1),sky,376.681,0.14129973563096396,0.04528176242821303,5.9299757291709465,5.0395282318416936E-5,o-H2CO,0.00191,0.0015085957599879347,509.58899999999994,509.5565,0.009103142028885248,0,15.378307062513379,Gaussian,4.0
509.8308024500129,0.08003862241542152,3.6439374421403006,509.7525,509.8155,509.83250000000004,IRAS16293,GHz,509.89500000000004,509.79849999999993,1.3611285310937728E-4,509.8239520823675,2.2487692861617092,0.002449990365812448,Gaussian,509.830149,p-H2CO(7 4 3 _ 6 4 2),sky,286.1699,0.07644018250113511,0.0800386224154109,5.295446991703532,5.185874481178666E-5,p-H2CO,0.00263,7.666504833084425E-4,509.8495000000001,509.824,0.009499898380621449,0,8.046421070888831,Gaussian,4.0
510.1548067730613,0.0272328516928932,4.060610056539844,510.0405,510.1385,510.161,IRAS16293,GHz,510.2575,510.11600000000004,4.6341417313072705E-5,510.14882907458696,2.2023591494232972,0.003031792053805596,Gaussian,510.15573900000004,o-H2CO(7 3 5 _ 6 3 4),sky,188.7262,0.28057869372906713,0.027232851692890202,5.186159471419292,6.316618985830745E-5,o-H2CO,0.00319,0.0027261110923204645,510.1835,510.148,0.008539927897893065,0,32.47259803498191,Gaussian,4.0
510.2373078738375,0.027692604279707777,4.076810202640541,510.0975,510.221,510.243,IRAS16293,GHz,510.3645,510.199,4.7131347905129035E-5,510.23090839028885,2.2128495430100568,0.002990180422172039,Gaussian,510.23784700000004,o-H2CO(7 3 4 _ 6 3 3),sky,188.7328,0.2784330259043002,0.027692604279714997,5.2108624605176574,6.156658304446206E-5,o-H2CO,0.0032,0.0026475956737941854,510.265,510.2305,0.007371019272010115,0,37.68304390052362,Gaussian,4.0
511.0898192485249,0.05454970805887968,3.9491905929768434,511.01300000000003,511.0725,511.094,IRAS16293,GHz,511.153,511.051,9.299575711659805E-5,511.08296637355267,1.9550551432583112,0.004156236474047098,Gaussian,511.08969900000005,"SO2, v=0(8 4 4 _ 7 3 5)",sky,72.3645,0.1831071373869819,0.054549708058903947,4.603803040485525,7.577537887889485E-5,"SO2, v=0",9.79E-4,0.001497529351121972,511.1155,511.083,0.0077946990048494355,0,23.491239016806503,Gaussian,4.0
513.0753457405388,0.02994073924729177,4.054507169293787,512.961,513.059,513.0805,IRAS16293,GHz,513.178,513.0374999999999,5.1241040690470605E-5,513.069413960354,2.2097907191239847,0.002845075873033246,Gaussian,513.076353,p-H2CO(7 2 5 _ 6 2 4),sky,145.3539,0.24065092898034207,0.029940739247148396,5.2036594807165155,5.806072327006202E-5,p-H2CO,0.00366,0.002288418737834537,513.1020000000001,513.0685,0.008720708182330885,0,27.21448214020147,Gaussian,4.0
514.8533694639337,0.028120996624647402,4.101779445545652,514.75,514.8325,514.861,IRAS16293,GHz,514.943,514.804,4.8293418331375386E-5,514.8467097382473,2.295025549788657,0.005437822243158278,Gaussian,514.853754,"SO, v=0(12 11 _ 11 10)",sky,167.5867,0.5373507731635137,0.02812099662469637,5.404372168500505,1.187396838367571E-4,"SO, v=0",0.00178,0.005307344867079863,514.8895,514.8465,0.007541792223670339,0,71.2497450509188,Gaussian,4.0
516.3353892378772,0.029341114895108336,4.135996409229386,516.1945000000001,516.315,516.3435000000001,IRAS16293,GHz,516.463,516.2865,5.0533825879346464E-5,516.3287055281523,2.3042173527299212,0.005743029523297938,Gaussian,516.335829,"SO, v=0(12 12 _ 11 11)",sky,174.2227,0.5416924073240822,0.029341114895048703,5.426017210316568,1.2607605299250213E-4,"SO, v=0",0.0018,0.005402718402410773,516.3720000000001,516.3285,0.008762710700903146,0,61.81790382150258,Gaussian,4.0
517.3544028341311,0.027835936636776068,4.1194125453214205,517.2995,517.3290000000001,517.3665,IRAS16293,GHz,517.3955,517.2915000000002,4.8036065298277296E-5,517.3474230928457,2.6183230892673732,0.0053770782589721055,Gaussian,517.3545320000001,"SO, v=0(12 13 _ 11 12)",sky,165.78,0.6299442561379192,0.027835936636790026,6.165679694974171,1.3631681510728973E-4,"SO, v=0",0.00182,0.007112055060103204,517.4039999999999,517.3475,0.017772229609414023,0,35.44542637487843,Gaussian,4.0
517.9704110532601,0.06366145110665747,3.3902548827482226,517.8915000000001,517.9545,517.9745,IRAS16293,GHz,518.0365,517.9345000000001,1.099905506432255E-4,517.9639634486578,2.533148948227095,0.0019006264389438625,Gaussian,517.969821,"HC-13-N, v=0(6 _ 5)",sky,87.0111,0.08718721919328323,0.06366145110667447,5.965109920334229,4.539924104544565E-5,"HC-13-N, v=0",0.00665,9.673672559804864E-4,517.9945,517.9635000000001,0.006505368215754535,0,13.315763922171321,Gaussian,4.0
519.1859272713627,0.13404453549834078,3.86828666015359,519.0925,519.1715,519.1925,IRAS16293,GHz,519.269,519.1505000000001,2.321384419370322E-4,519.1808368113913,3.349247761035709,0.0018639125664684604,Gaussian,519.187536,"SO2, v=0(29 1 29 _ 28 0 28)",sky,379.1999,0.06435298317885041,0.13404453548788267,7.886875763461915,5.234211439267817E-5,"SO2, v=0",0.00191,7.58733459307995E-4,519.2135,519.179,0.006001405411956874,0,8.137401741109704,Gaussian,4.0
520.1794405273769,0.03387887775471204,3.8494915878109803,520.0885000000001,520.162,520.1835,IRAS16293,GHz,520.256,520.1405000000001,5.8783521136850575E-5,520.1723746295253,2.178623290581496,0.002392543955609677,Gaussian,520.1790540000001,E-CH3OH(2 -2   0 _ 1 -1   0),sky,24.9649,0.17955485731698975,0.03387887775482628,5.130265795232594,4.9405697548006334E-5,E-CH3OH,9.75E-4,0.001710992953824596,520.2049999999999,520.1725,0.007792310785311784,0,23.0425687917176,Gaussian,4.0
520.4599442700159,0.015245982378495315,4.02422431727909,520.397,520.4445000000001,520.461,IRAS16293,GHz,520.509,520.4280000000001,2.646769621791892E-5,520.4528976757431,1.4934701372887105,0.0024352687199252353,Gaussian,520.459884,HC-13-O+(6 _ 5),sky,87.4291,0.27382602299916026,0.015245982378430011,3.5168534159425793,3.3359984762966535E-5,HC-13-O+,0.0115,0.0017464207792156434,520.4775,520.453,0.005743488720728884,0,47.67590506635661,Gaussian,4.0
520.8799498739675,0.10765068362760795,4.034802514773937,520.799,520.863,520.8865,IRAS16293,GHz,520.949,520.8395000000002,1.8703756625592779E-4,520.8740886422939,3.1050986399027454,0.0026458904627548506,Gaussian,520.881099,"SiO, v=0-6(12 0 _ 11 0)",sky,162.5205,0.10018474919303247,0.10765068362751626,7.311948519041322,7.2900003214639E-5,"SiO, v=0-6",0.00758,0.0011935339820940633,520.9099999999999,520.873,0.006797280333482968,0,14.151541201661269,Gaussian,4.0
525.6660137323298,0.013213194572894679,4.0891480780239435,525.576,525.6455,525.674,IRAS16293,GHz,525.7415,525.617,2.3168128463665177E-5,525.6586619549597,1.942303788218813,0.00501084977241369,Gaussian,525.665832,o-H2CO(7 1 6 _ 6 1 5),sky,97.6304,0.8658211503254342,0.013213194572977613,4.573775894037209,9.499803117829415E-5,o-H2CO,0.00419,0.007545369502142899,525.7025,525.659,0.009189968469510994,0,94.06371394616187,Gaussian,4.0
527.0535322453842,0.09857467217602542,3.8960614868290504,526.9735000000001,527.038,527.056,IRAS16293,GHz,527.1195,527.02,1.7329805444518708E-4,527.0466394854601,2.590188953452317,0.0022989378551738025,Gaussian,527.0534889999999,A-CH3OH(11 1 + 0 _ 10 1 + 0),sky,166.3727,0.07214332412610698,0.09857467217599766,6.099428868007252,5.538093965745402E-5,A-CH3OH,6.53E-4,7.920252276467952E-4,527.0740000000001,527.0465,0.007950712085884841,0,9.073819218555956,Gaussian,4.0
529.2900620864262,0.11174993471349798,3.9240542924521042,529.212,529.2760000000001,529.2975,IRAS16293,GHz,529.3565,529.2545000000001,1.9729469178662528E-4,529.2840729850717,2.411722098795183,0.0027725889869653184,Gaussian,529.291001,"SO2, v=0(17 3 15 _ 16 2 14)",sky,162.9341,0.07035143976235392,0.11174993471366564,5.679171541287008,6.897878234023578E-5,"SO2, v=0",6.65E-4,8.044481689192145E-4,529.319,529.283,0.008180660407013481,0,8.335233723750124,Gaussian,4.0
529.8640697451601,0.12130120420313356,5.458604176204636,529.6945000000001,529.841,529.8695,IRAS16293,GHz,530.0195,529.8125,2.1438931617927804E-4,529.8570652167579,3.083935692442212,0.0020703121696177148,Gaussian,529.866713,E-CH3OH(9 3   0 _ 9 2   0),sky,144.2755,0.07194503921953928,0.1213012042031221,7.262113586149321,6.356795912258694E-5,E-CH3OH,8.35E-4,9.333193388408057E-4,529.898,529.857,0.0077706370002299475,0,9.258576770142563,Gaussian,4.0
529.9750712262044,0.05075744683310064,4.106210448314133,529.71,529.9575,529.9785,IRAS16293,GHz,530.2255,529.9364999999999,8.972809410939777E-5,529.9676710162037,1.9576177854542451,0.002886542437437841,Gaussian,529.9749300000001,"SO2, v=0(9 4 6 _ 8 3 5)",sky,80.6382,0.13058642722782518,0.05075744683280732,4.609837601696753,5.334412844902827E-5,"SO2, v=0",0.00102,0.001110581047970373,529.9995000000001,529.968,0.00902610477277855,0,14.370731462164308,Gaussian,4.0
530.0740725471359,0.13530923514368892,2.8649386721106103,529.821,530.057,530.0745000000001,IRAS16293,GHz,530.312,530.0395,2.3924181282749472E-4,530.0664884206183,1.974423739024302,0.0043698259460684015,Gaussian,530.071554,"CS-34, v=0,1(11 0 _ 10 0)",sky,152.6651,0.07482595175594058,0.13530923514451082,4.649412598039382,8.393644583062736E-5,"CS-34, v=0,1",0.00318,6.612768382989907E-4,530.0920000000001,530.067,0.009850839737530027,0,7.483176958127547,Gaussian,4.0
530.1830740014948,0.11095051853384558,3.9032983624773077,529.968,530.169,530.1875,IRAS16293,GHz,530.3865,530.1505,1.9621388214833942E-4,530.1772610011956,2.303807234595907,0.002871661446136473,Gaussian,530.184164,E-CH3OH(11 0   0 _ 10 0   0),sky,158.1506,0.07178227540265462,0.11095051853391415,5.425051455913761,6.343699479188046E-5,E-CH3OH,6.68E-4,7.195274884670214E-4,530.206,530.176,0.010158970033499852,0,6.46082960686721,Gaussian,4.0
530.315575769408,0.08521824309992036,4.2067802368944855,530.251,530.3015,530.317,IRAS16293,GHz,530.3665,530.2860000000001,1.5074421980051643E-4,530.3087524395982,1.8718456227515443,0.0030119202913252807,Gaussian,530.316194,E-CH3OH(7 3   0 _ 7 2   0),sky,104.8108,0.0803698881144928,0.0852182430996864,4.4078595936587766,5.1634568002175575E-5,E-CH3OH,7.92E-4,6.220878569797893E-4,530.3325,530.3085,0.009201416160654041,0,8.370675933694551,Gaussian,4.0
530.4550776307206,0.13117162109295344,3.8954274258207318,530.2895,530.4395000000001,530.457,IRAS16293,GHz,530.606,530.4220000000001,2.3209287962688976E-4,530.4477774060921,2.0293900312241653,0.0041553558038994985,Gaussian,530.4546700000001,E-CH3OH(6 3   0 _ 6 2   0),sky,88.562,0.07631243204102459,0.13117162109320263,4.778848324712649,7.999786559802577E-5,E-CH3OH,7.56E-4,6.717549500771047E-4,530.4744999999999,530.448,0.008512483421062554,0,8.964767185590482,Gaussian,4.0
530.6115797188596,0.09696296898477216,3.538749032915628,530.445,530.5955,530.6135,IRAS16293,GHz,530.763,530.5775,1.7161518970536626E-4,530.6040036784284,2.160721679914909,0.002582666439564099,Gaussian,530.610267,E-CH3OH(4 3   0 _ 4 2   0),sky,63.0266,0.07083091005176996,0.0969629689848488,5.088110723596574,5.286987331521209E-5,E-CH3OH,6.13E-4,6.500046019368994E-4,530.6315000000001,530.6045,0.008591494571714157,0,7.975820959514474,Gaussian,4.0
530.6465801858556,0.09829934497573356,4.42017641433929,530.518,530.6295,530.6495,IRAS16293,GHz,530.761,530.6095,1.739920418772558E-4,530.6393640734063,2.207169855782849,0.0027825891788994133,Gaussian,530.647188,E-CH3OH(3 3   0 _ 3 2   0),sky,53.741,0.082316304521431,0.09829934497585757,5.197487819185523,5.834683910887664E-5,E-CH3OH,4.37E-4,7.447899121707602E-4,530.6695,530.6395,0.007762977724524931,0,10.603702270248172,Gaussian,4.0
531.0785859499201,0.05937794656257858,3.9671239739147577,531.001,531.0635,531.0840000000001,IRAS16293,GHz,531.1435,531.0429999999999,1.0518602395894932E-4,531.0721992810655,2.122391243749563,0.0029279296744424144,Gaussian,531.079227,E-CH3OH(11 -1   0 _ 10 -1   0),sky,150.7392,0.1250754147636268,0.05937794656280099,4.997849444179638,6.106276984769872E-5,E-CH3OH,6.68E-4,0.0011883101383228809,531.1045000000001,531.0715,0.0068114074276454314,0,18.162054095775204,Gaussian,4.0
531.3190891588495,0.07042001633738004,4.19153673826106,531.2405,531.3025,531.326,IRAS16293,GHz,531.3835,531.279,1.248029802406024E-4,531.3118933793044,2.2455777020354026,0.0037564029572892173,Gaussian,531.319322,A-CH3OH(11 0 + 0 _ 10 0 + 0),sky,153.1002,0.1431347621564171,0.07042001633745662,5.287931385427503,8.619110164592786E-5,A-CH3OH,6.74E-4,0.001496289098374896,531.3495,531.312,0.008280512943113485,0,17.28573617839165,Gaussian,4.0
531.7165944625893,0.02259902245067533,3.9520258616411734,531.5,531.692,531.7325,IRAS16293,GHz,531.919,531.6515,4.008143287207647E-5,531.7093386283422,2.3499271266732533,0.008719334828820976,Gaussian,531.716348,"HCN, v=0(6 _ 5)",sky,89.3204,1.1159754196681526,0.02259902245064932,5.533655502252159,2.0591657682010858E-4,"HCN, v=0",0.0072,0.011813849662181382,531.7729999999999,531.7095,0.009660343763600126,0,115.52129478798811,Gaussian,4.0
531.8685964906861,0.17550197945829843,1.4197503754542908,531.452,531.855,531.874,IRAS16293,GHz,532.2745,531.836,3.1135902737157363E-4,531.8634492011189,2.764415846077033,0.003968314406046808,Gaussian,531.865968,E-CH3OH(11 -3   0 _ 10 -3   0),sky,207.9991,0.07989446190670135,0.1755019794581082,6.509701847143389,9.780074623850849E-5,E-CH3OH,6.29E-4,8.643035368000676E-4,531.893,531.8615,0.00832158150379904,0,7.698283093270799,Gaussian,4.0
532.4656044563029,0.10300764893443064,3.977671511773143,532.3875,532.4505,532.47,IRAS16293,GHz,532.5310000000001,532.431,1.829511295450971E-4,532.4591851930742,2.29553558000943,0.0033502519006745634,Gaussian,532.4662500000001,E-CH3OH(11 2   0 _ 10 2   0),sky,167.6295,0.08751860581968723,0.10300764893428023,5.405573197887952,7.679982864048905E-5,E-CH3OH,6.49E-4,9.235911809590778E-4,532.4895,532.4585,0.011214314753202963,0,7.79094347855125,Gaussian,4.0
534.1741272523774,0.12133573271019715,3.8886909183869856,534.0825,534.1575,534.174,IRAS16293,GHz,534.25,534.1410000000001,2.1619441204652397E-4,534.166257091811,2.167327676850602,0.003134787463387365,Gaussian,534.173186,HDCO(8 1 7 _ 7 1 6),sky,123.6299,0.06587150027612247,0.12133573271018555,5.103666657598158,6.528106402417278E-5,HDCO,0.00446,6.302875513116042E-4,534.1904999999999,534.167,0.011189601346162625,0,5.885160918256329,Gaussian,4.0
535.0626391074036,0.014241998272253954,3.5790844853940187,535.0120000000001,535.0385,535.076,IRAS16293,GHz,535.098,535.001,2.5418435096983944E-5,535.0551931454954,1.3684058910159083,0.05148365644013531,Gaussian,535.061581,"HCO+, v=0(6 _ 5)",sky,89.8821,6.013845071378369,0.014241998272066372,3.2223496219026972,7.167806211729949E-4,"HCO+, v=0",0.0125,0.03778777581528559,535.1135,535.0555,0.11414587721159646,0,51.76862794394182,Gaussian,4.0
536.1901541513449,0.08361575854789244,3.4208728804081385,536.111,536.175,536.1965,IRAS16293,GHz,536.2585,536.1534999999999,1.4954849347487582E-4,536.1849396291068,2.7317642462092615,0.0020484786909910633,Gaussian,536.191058,A-CH3OH(11 1 - 0 _ 10 1 - 0),sky,169.0097,0.08151678589519923,0.08361575854786689,6.4328132052724305,5.286202658291413E-5,A-CH3OH,6.88E-4,9.483979376384236E-4,536.2180000000001,536.183,0.009377359735790304,0,7.466262305659232,Gaussian,4.0
538.5706859137418,0.021227196188162857,4.14974825060914,538.5305,538.552,538.575,IRAS16293,GHz,538.596,538.529,3.813366293028218E-5,538.563098068595,1.8846338423771731,0.002902248496300831,Gaussian,538.570553,A-CH3OH(5 1 + 0 _ 4 0 + 0),sky,49.061,0.30757383454409837,0.021227196188173845,4.437973549573466,5.2930317869276924E-5,A-CH3OH,4.93E-4,0.0025571139827621496,538.5980000000001,538.5635,0.007690854672007195,0,39.33754637612939,Gaussian,4.0
538.6891874948568,0.015836524333467054,3.877818652919498,538.499,538.6685,538.7,IRAS16293,GHz,538.865,538.637,2.8455856154758967E-5,538.6820290520582,1.962827263503376,0.005228899766926913,Gaussian,538.688997,"CS, v=0-4(11 0 _ 10 0)",sky,155.1475,0.7775695777251267,0.015836524333551136,4.622104985030995,1.0244083959397085E-4,"CS, v=0-4",0.00334,0.0069250040734359745,538.7315000000001,538.682,0.006456342953350675,0,120.43498670119254,Gaussian,4.0
541.7512283503323,0.11312828497776926,3.7303156861456106,541.66,541.736,541.7565,IRAS16293,GHz,541.828,541.7155,2.0443005330649902E-4,541.7441639968661,2.169156474505808,0.004259137771902792,Gaussian,541.750905,"SO2, v=0(14 3 11 _ 13 2 12)",sky,118.9854,0.10073827789121752,0.11312828497803791,5.107973146974942,9.644288573189615E-5,"SO2, v=0",6.31E-4,0.0010212906145328346,541.7769999999999,541.744,0.009962450348128942,0,10.111797235720957,Gaussian,4.0
542.000231672675,0.056845846527946914,4.29669797899701,541.8855,541.985,542.003,IRAS16293,GHz,542.101,541.967,1.0277130275715626E-4,541.9931859113057,1.9112812245873096,0.003166568298983567,Gaussian,542.0009540000001,A-CH3OH(6 3 + 0 _ 5 2 + 0),sky,98.546,0.1245394004205512,0.056845846527804784,4.500723339349497,5.872799503034976E-5,A-CH3OH,7.92E-4,0.0010645202477080609,542.0210000000001,541.993,0.010750322363840156,0,11.58471310957638,Gaussian,4.0
542.0807327467656,0.06451566344022047,4.141795935677865,541.966,542.066,542.0855,IRAS16293,GHz,542.183,542.0465,1.1665501473088253E-4,542.074462842866,2.0451879743989925,0.0034764920607360953,Gaussian,542.0819520000001,A-CH3OH(6 3 - 0 _ 5 2 - 0),sky,98.547,0.1353070805255745,0.06451566344001541,4.816049637970991,6.965912857789294E-5,A-CH3OH,7.92E-4,0.0012169988370948472,542.105,542.0735,0.009549416162799305,0,13.4093287760431,Gaussian,4.0
543.0762460294652,0.08623126591903808,4.080444863339585,542.9985,543.0595,543.0775,IRAS16293,GHz,543.1395,543.0414999999999,1.5620642684762527E-4,543.0687832450391,1.9324455047237543,0.003929358465674039,Gaussian,543.076175,E-CH3OH(8 0   0 _ 7 -1   0),sky,88.716,0.09869468581080411,0.08623126591851393,4.550561410453446,7.521521946591982E-5,E-CH3OH,4.53E-4,8.907941101418251E-4,543.0955,543.069,0.009681752659945756,0,10.193886301094276,Gaussian,4.0
543.8982569971989,0.04970214499839566,3.795041697836271,543.8195000000001,543.8805,543.9015,IRAS16293,GHz,543.962,543.8594999999999,9.017082373283835E-5,543.8906688571564,2.0684843077423247,0.0033988435143436522,Gaussian,543.897554,"HNC, v=0(6 0 0 _ 5 0 0)",sky,91.3674,0.17050434185535132,0.049702144998284535,4.8709083107035935,6.96994621543821E-5,"HNC, v=0",0.00804,0.0015854352967800134,543.9225000000001,543.891,0.008007434201899753,0,21.000114305096723,Gaussian,4.0
546.580792789104,0.09278195433868461,3.6402904215471543,546.516,546.5655,546.58,IRAS16293,GHz,546.6305,546.551,1.691574618144198E-4,546.5732170438191,1.7821339878394153,0.0028403149286129097,Gaussian,546.5798540000001,"SO2, v=0(19 3 17 _ 18 2 16)",sky,196.9946,0.06091707613272349,0.09278195433846226,4.196604837495197,4.9211950160754384E-5,"SO2, v=0",7.4E-4,4.986609306136317E-4,546.5945,546.5735,0.00964473826412229,0,6.1030315276905185,Gaussian,4.0
547.6743073793922,0.06840054955630014,4.385048711077183,547.58,547.6560000000001,547.681,IRAS16293,GHz,547.7570000000001,547.6310000000001,1.2495585038890277E-4,547.66842916516,3.2079696819204706,0.002388554356060575,Gaussian,547.67644,H2O-18(1 1 0 0 _ 1 0 1 0),sky,60.4629,0.13144609527649886,0.0684005495563674,7.554191310837883,7.37892421296405E-5,H2O-18,0.00329,0.0018683929008508219,547.706,547.667,0.008815486817315834,0,13.857152965929608,Gaussian,4.0
548.8313228169444,0.008734001751451398,3.9820009795993365,548.743,548.812,548.841,IRAS16293,GHz,548.904,548.783,1.5989152395321825E-5,548.8237161381467,1.3340775262451476,0.010412965502206231,Gaussian,548.8310060000001,CO-18(5 _ 4),sky,79.0248,1.859423615869541,0.00873400175134477,3.141512500427376,1.4382718976683955E-4,CO-18,1.06E-5,0.01184059999109027,548.87,548.824,0.008064976097395139,0,228.77891317157693,Gaussian,4.0
549.3033291147186,0.09706029078435281,4.061950378704159,549.1875,549.2865,549.3055,IRAS16293,GHz,549.4045,549.2675,1.7783910701267707E-4,549.2959333742881,2.0028347138281615,0.00572589596849433,Gaussian,549.3033760000001,"SO2, v=0(10 4 6 _ 9 3 7)",sky,89.8351,0.1369753788131067,0.09706029078414273,4.7163153310063795,1.136326976901254E-4,"SO2, v=0",0.00107,0.0012588951225144882,549.3245000000001,549.296,0.006738361356086179,0,20.327698616131457,Gaussian,4.0
550.92685077666,0.01763813168848745,3.830021756168231,550.8875,550.8935,550.9365,IRAS16293,GHz,550.951,550.8505,3.241304429741282E-5,550.919246598595,1.5917285491072273,0.04724210693399521,Gaussian,550.926285,C-13-O(5 _ 4),sky,79.3265,5.084171782133876,0.017638131688407516,3.7482342936857287,7.976679862720685E-4,C-13-O,1.07E-5,0.03915297225792291,550.9795,550.9195,0.11565886422369712,0,42.37462334039121,Gaussian,4.0
551.188354265787,0.06373904388742242,3.6571144315782473,551.123,551.1735,551.187,IRAS16293,GHz,551.238,551.16,1.1718682223635858E-4,551.180616164487,1.7917752984494606,0.00258538242462062,Gaussian,551.18734,NO(6 -1 5.5 5.5 _ 5 1 4.5 4.5),sky,84.1545,0.08924003019840959,0.06373904388713617,4.219308388980101,4.0704942578154134E-5,NO,2.16E-5,6.306519199189922E-4,551.2005,551.181,0.01310348432662378,0,6.612169943259967,Gaussian,4.0
551.5338588757044,0.11697896978167278,4.547506964658221,551.453,551.5155,551.534,IRAS16293,GHz,551.5985000000001,551.497,2.152052074570069E-4,551.5256138635334,2.4114069716358046,0.00361569715753624,Gaussian,551.53398,NO(6 1 5.5 4.5 _ 5 -1 4.5 3.5),sky,84.2517,0.0941528070582709,0.11697896978162785,5.67842947353537,8.266977813862429E-5,NO,2.15E-5,9.51177343354671E-4,551.5525,551.5265,0.00925392391325717,0,9.610523909978122,Gaussian,4.0
552.0193653536055,0.17033040048330153,4.5779950957617475,551.952,552.005,552.021,IRAS16293,GHz,552.073,551.989,3.1363202392754364E-4,552.0125303374778,2.439375385276847,0.003987057247827459,Gaussian,552.02096,H2O-17(1 1 0 _ 1 0 1),sky,60.6982,0.07211225863402744,0.1703304004770877,5.744290054605014,8.846078392009895E-5,H2O-17,0.00337,7.070357631863226E-4,552.0369999999999,552.0120000000001,0.0112525411307954,0,6.342200269193175,Gaussian,4.0
553.1473804042182,0.10760160325016288,3.4662232479893342,553.0815,553.1325,553.1465000000001,IRAS16293,GHz,553.198,553.1185,1.9853312109054734E-4,553.1398284812003,1.9877186374463065,0.004758859776043992,Gaussian,553.1462240000001,E-CH3OH(8 1   0 _ 7 0   0),sky,96.7256,0.10039685445017482,0.10760160325025249,4.680719691340169,8.88629445916129E-5,E-CH3OH,4.62E-4,8.752063770663568E-4,553.1605000000001,553.14,0.015223450591935861,0,6.594881616613047,Gaussian,4.0
555.6669140212563,0.05187632495736235,4.122886672321927,555.588,555.648,555.667,IRAS16293,GHz,555.7295,555.629,9.615162560153434E-5,555.6587172152765,1.9575705837943376,0.0036333442966385993,Gaussian,555.666359,"SO2, v=0(5 5 1 _ 4 4 0)",sky,75.1453,0.16258112732372917,0.051876324957594346,4.609726450281844,7.106055717362564E-5,"SO2, v=0",0.00217,0.0014547207931114878,555.686,555.6595,0.01257635582351121,0,12.462340894834085,Gaussian,4.0
558.0879463240343,0.028421076437786977,3.9584380067330627,558.0325,558.066,558.1005,IRAS16293,GHz,558.128,558.0315,5.2907408694118634E-5,558.0802730510013,2.441242392897711,0.00449542582506765,Gaussian,558.087642,"SO, v=0(13 12 _ 12 11)",sky,194.371,0.4692633059570413,0.028421076437817185,5.748686521574851,1.153117981325774E-4,"SO, v=0",0.00228,0.005433646869963726,558.135,558.0805,0.01689864308253517,0,27.76928914736516,Gaussian,4.0
558.3434497331048,0.07178599330485284,4.405433419834242,558.2525,558.3295,558.3445,IRAS16293,GHz,558.4205000000001,558.3145000000001,1.3369493034895427E-4,558.3363821574908,2.0881164034297317,0.002018085592892661,Gaussian,558.344587,E-CH3OH(11 2   0 _ 10 1   0),sky,167.6298,0.07338326978357325,0.07178599330492162,4.9171383631542644,3.87602527763273E-5,E-CH3OH,5.15E-4,6.263881290847473E-4,558.3595,558.336,0.008752756307820143,0,8.240281025913019,Gaussian,4.0
558.9669580523043,0.037490932686826434,3.822137857386415,558.9045,558.9525,558.9655,IRAS16293,GHz,559.014,558.9395,6.990138611775144E-5,558.9593765797879,1.1244661227285,0.004482415467436052,Gaussian,558.966503,"N2H+, v=0(6 _ 5)",sky,93.8979,0.1558239726213576,0.03749093268651243,2.6479153657593035,4.878260424551249E-5,"N2H+, v=0",0.0116,7.854608072616559E-4,558.9785,558.9595,0.00996228331958298,0,15.641391398200104,Gaussian,4.0
559.3189627489495,0.029229282620429998,4.163860918986157,559.226,559.299,559.3305,IRAS16293,GHz,559.3975,559.2674999999999,5.4532016056908115E-5,559.3119525272939,2.513277638392358,0.005004766365914149,Gaussian,559.3197210000001,"SO, v=0(13 13 _ 12 12)",sky,201.0661,0.5241947428874546,0.029229282620414174,5.918316561614371,1.2919854316594296E-4,"SO, v=0",0.0023,0.0061007520022181095,559.3620000000001,559.3115,0.008139633471672602,0,64.38680153062985,Gaussian,4.0
